TryWithout,MinStars,MaxDist,MaxPrice,GiveReferral,TakeReferral,Frequency,Gender,Age,Student,Education,Income,Married,Children,Race,RestDistance,RestRating,RestPrice
0,4.2,15,30,3,4,3,2,31,0,3,37,1,0,6,25,3.09478253,34
1,3,40,40,4,4,2,2,42,0,8,104,2,1,6,15,4.915714487,12
0,3.5,30,15,5,5,5,1,40,0,3,12,2,0,6,10,4.999550181,14
1,3.5,32,27,4,4,3,1,27,1,5,235,2,1,2,9,4.93278359,11
1,3.3,39,38,4,3,5,1,28,0,5,44,1,0,6,12,1.040317488,16
1,3.1,19,23,5,4,5,1,53,1,6,90,2,1,6,8,1.975179915,16
0,4,30,25,4,4,2,2,36,0,5,26,2,1,6,8,1.13650866,29
1,3.4,33,32,3,3,4,1,45,1,5,124,2,1,6,16,4.404984735,22
1,4.3,53,47,5,4,5,1,32,0,6,448,2,1,6,24,2.426013951,34
1,4.6,56,49,5,5,5,2,33,0,6,483,2,1,6,29,2.102066408,23
1,4.2,23,9,5,4,5,1,32,0,5,30,2,0,6,23,1.936556212,19
0,3.5,30,40,5,4,2,1,31,0,5,14,1,0,2,7,1.299076019,27
1,5,16,15,5,5,5,2,35,0,6,500,2,1,6,22,4.563641658,18
1,4.3,16,25,4,4,5,1,34,0,4,23,2,1,6,15,4.584439789,20
1,3.7,49,43,5,4,5,2,28,1,5,276,2,1,6,21,3.911196079,32
1,3.7,51,36,4,4,6,1,33,0,5,189,2,1,6,8,1.311597932,33
1,3.8,27,24,4,5,5,2,39,0,6,29,2,1,6,21,4.993174049,14
1,3.4,45,27,4,3,2,2,28,1,6,279,2,1,6,16,3.642087504,15
1,4,40,41,5,5,5,1,32,1,5,439,2,1,6,13,1.035112189,23
1,3.1,20,20,5,5,5,2,28,0,5,413,2,1,6,13,3.212558853,12
1,3.5,43,34,4,4,5,2,30,1,5,76,2,1,6,6,1.467645709,32
1,3.5,35,31,4,4,4,1,40,0,5,500,2,1,6,21,1.140658865,35
0,4.4,14,19,2,1,2,2,52,0,4,26,2,0,6,17,2.378337765,24
0,3.4,15,19,4,4,5,1,34,0,5,49,2,0,6,27,1.721092413,34
1,3,35,14,4,4,2,1,40,0,5,15,1,0,6,17,4.098708111,12
1,3.2,42,27,5,4,2,1,36,1,5,499,4,1,5,25,3.025344348,18
0,3.5,15,50,4,4,3,1,33,0,5,49,2,1,5,17,1.471642478,22
0,4.6,30,24,4,4,5,2,74,0,2,31,2,1,6,18,2.782646134,25
1,4.3,40,29,4,5,3,2,30,1,6,50,2,1,6,22,1.810663668,35
1,3.5,10,14,4,4,6,2,29,1,5,26,1,0,6,19,3.531970651,14
1,3.1,47,38,5,5,3,2,53,0,2,500,2,1,1,25,3.030062605,35
1,3.8,30,22,4,4,5,1,28,0,5,200,2,1,2,8,4.540562658,16
0,3.8,50,26,5,4,4,2,40,0,6,55,4,1,6,16,2.424721474,35
1,4,20,29,4,4,4,1,54,0,5,49,2,1,6,9,4.073089584,32
1,3.4,25,19,5,4,5,1,54,0,6,88,2,1,6,7,2.11021138,28
1,1.2,60,27,4,4,4,2,28,0,5,405,2,1,2,6,1.13919734,33
1,2.1,16,31,3,4,6,2,31,0,5,63,2,1,6,16,2.161628529,31
1,4.7,59,40,5,5,4,1,44,0,6,469,2,1,6,6,2.312170563,15
1,4,31,27,4,3,5,2,40,0,5,52,2,1,6,15,2.416063039,31
0,4.2,30,20,4,4,5,2,44,0,6,302,2,0,6,6,2.723196459,29
1,2.6,15,11,4,4,5,1,44,0,5,133,2,1,6,13,1.410067636,12
1,3.7,35,31,4,3,5,1,42,0,5,150,2,1,6,19,2.452752899,31
1,3.6,43,32,4,3,5,1,45,0,6,90,2,1,6,15,1.100191827,28
1,3.7,33,46,4,5,5,2,44,1,6,371,2,1,6,20,2.520215872,14
1,3.4,30,30,4,5,5,2,34,0,6,90,2,1,6,6,1.541307205,35
0,4,25,15,5,5,2,2,33,1,5,10,1,0,3,27,3.356872387,21
1,2.2,26,22,3,3,6,1,33,0,5,63,1,0,6,12,4.545695917,17
0,3.5,10,30,5,5,4,2,24,0,6,87,2,1,6,8,2.22938568,30
1,3.6,20,20,4,4,5,2,33,0,6,51,2,1,6,16,3.981635236,24
1,4.2,47,36,5,5,3,1,44,1,6,381,2,1,3,7,3.631844361,29
1,3,21,17,4,4,3,2,29,0,5,267,2,1,6,29,1.942075861,34
1,3.4,46,35,4,4,5,1,39,0,4,409,2,1,6,20,3.481176074,24
1,4.1,35,41,4,4,5,2,39,0,5,500,2,1,6,27,3.621411342,33
1,3.4,41,28,4,4,3,2,30,1,5,72,2,1,6,29,1.131385108,13
1,3.5,40,21,4,4,5,2,37,0,3,90,2,1,6,8,3.983101133,24
1,3.9,47,41,4,5,5,2,65,0,6,417,2,1,6,9,4.989266659,16
1,3.9,26,20,5,5,4,1,34,0,5,94,2,1,3,8,1.901542021,22
1,2.4,7,11,5,4,5,1,48,0,6,41,2,1,6,5,2.658122483,20
1,3.4,33,37,4,5,3,2,25,0,5,252,2,1,2,6,2.876520494,30
1,3.9,39,29,5,4,5,2,20,0,5,40,2,0,6,16,4.617578518,11
1,4.1,10,15,4,4,5,2,23,0,5,50,1,0,6,24,3.338753247,14
0,4,25,17,5,5,5,2,30,0,4,56,2,0,6,30,2.888681093,27
0,4.5,40,28,5,5,5,2,71,0,3,50,3,1,6,5,2.643317812,13
1,4.2,49,42,4,4,5,2,41,0,5,372,2,1,6,30,3.406576554,14
0,3.5,45,50,5,5,5,1,32,0,5,58,2,1,6,5,1.226396401,31
1,4,40,34,4,4,4,1,37,0,5,304,2,1,6,24,2.995838965,22
0,3,32,30,3,2,4,1,48,1,5,131,1,1,1,6,4.513004037,18
1,3.5,31,26,4,4,5,2,36,1,5,150,2,1,6,29,4.87033346,12
1,4.4,34,18,5,5,5,1,47,0,5,108,2,1,6,13,3.798719892,11
0,3.9,11,14,4,4,3,1,33,0,5,500,2,1,2,26,4.350361953,13
1,4,33,36,4,4,6,2,36,0,5,325,2,1,6,16,1.880322672,35
1,4.2,21,28,4,5,5,1,40,0,5,247,2,1,6,13,4.018698794,22
1,4.2,45,40,5,5,5,2,35,0,5,296,2,1,7,6,3.139709778,26
0,4,20,18,5,4,2,2,38,0,2,20,2,0,6,30,2.415130527,32
1,4,20,21,4,4,5,1,28,0,5,377,1,0,2,28,4.858329487,26
0,3.4,25,30,5,4,5,2,50,0,6,20,1,0,6,22,2.258082651,34
1,2.8,30,20,5,5,5,1,53,0,5,500,2,1,6,5,1.754653978,11
0,1.9,15,14,4,4,2,2,41,0,5,25,2,1,6,30,3.754619466,24
0,4,30,10,5,4,5,1,33,0,6,40,1,0,6,17,1.146139964,14
1,4,15,30,4,5,5,1,37,1,5,200,2,1,6,6,2.967131545,12
1,4.1,30,23,4,4,3,1,31,0,6,500,2,1,6,7,4.676018208,32
0,3.5,60,16,5,4,3,2,26,0,4,53,1,0,6,19,1.650324314,34
1,1.6,27,27,1,2,6,1,24,1,2,239,1,1,6,10,3.907353823,10
1,3.9,49,44,4,4,6,1,42,1,3,369,2,1,6,16,4.488244103,32
1,3.4,34,25,4,3,5,1,36,0,5,183,2,1,6,8,4.972249344,24
1,2,25,24,1,4,6,1,29,1,6,120,1,1,6,13,3.544495855,33
0,3.5,20,22,5,4,3,2,41,0,4,55,2,1,3,27,3.00124369,32
0,4.6,15,24,3,2,4,2,34,0,6,253,2,1,2,27,3.609760213,18
1,4.7,58,46,4,5,5,2,25,1,6,350,2,1,6,14,2.380372834,24
1,2.5,36,29,4,4,4,2,25,1,5,494,1,0,6,12,2.551365599,29
1,4.1,46,39,4,4,3,2,61,0,5,54,2,1,6,17,4.59152863,28
0,3.5,20,15,4,4,4,2,58,0,6,62,2,1,6,30,2.623347233,18
1,4,10,20,3,3,5,2,52,0,3,86,2,1,6,14,3.867142979,20
1,4.8,53,43,4,4,3,2,54,0,5,107,2,1,6,22,3.118318349,19
1,3.8,27,28,4,4,3,1,25,0,5,461,1,0,6,6,1.871265132,23
0,4.1,31,24,4,2,5,2,54,0,5,12,2,0,7,14,4.243665343,30
1,3.6,29,18,4,3,5,1,36,1,5,144,2,1,6,12,1.600580873,20
1,2.7,23,26,3,4,3,1,39,0,6,498,2,1,6,9,1.210861655,32
0,3,10,15,4,5,2,1,56,0,6,40,1,0,6,16,1.590617096,20
1,3.4,10,9,4,4,3,1,39,0,2,16,2,1,2,21,1.48195736,31
0,4.5,15,21,5,5,3,2,34,0,5,45,2,1,2,27,3.804198944,25
0,2.7,20,17,4,4,2,1,34,0,5,500,2,1,6,9,2.019616694,18
0,2.7,31,21,4,4,2,1,41,0,5,499,2,0,6,19,2.946653165,32
1,4.3,49,40,5,5,5,1,31,0,5,306,2,1,6,9,1.943015422,32
0,3.8,10,20,4,3,3,1,22,0,5,2,1,0,2,8,3.627468162,31
0,2.3,15,20,5,5,5,2,36,0,4,7,1,0,6,12,1.037810911,21
1,2.8,42,40,3,4,5,1,43,1,5,50,2,1,6,18,1.75885936,21
0,4,41,19,5,5,3,2,31,0,5,103,1,0,2,8,2.225470784,27
1,3,32,12,3,3,3,1,41,0,4,303,2,1,3,25,4.720146205,27
0,4.6,21,19,4,4,5,2,25,0,5,39,1,0,6,26,3.254595473,33
0,4.3,11,20,2,3,3,2,31,0,6,78,2,1,6,20,2.4042144,32
1,3.5,30,21,5,5,5,2,26,0,5,28,2,0,6,12,4.081231001,16
1,3.1,35,32,4,4,5,1,31,0,5,261,2,1,6,8,3.663953026,25
1,3.3,40,30,4,4,3,1,32,1,5,216,2,1,3,15,3.961668916,19
1,3.9,51,41,4,4,5,2,28,1,5,417,2,1,6,13,1.667826674,15
1,5,60,50,5,5,5,1,30,0,6,500,1,0,6,15,4.452220928,18
0,3,15,15,5,4,4,2,42,0,6,65,2,1,6,6,1.755839546,34
0,3.4,10,10,4,4,5,1,44,0,1,26,2,1,6,29,3.80308333,16
1,3.8,33,41,4,3,5,2,29,0,6,79,2,0,2,21,3.563156284,34
0,2.4,40,20,5,5,4,1,42,0,3,300,1,0,6,14,2.134538823,26
0,4.5,17,21,4,4,4,2,25,0,6,55,2,1,6,16,1.662249373,15
1,3,30,21,5,4,5,2,37,0,5,60,2,1,6,14,3.629973268,12
1,3.5,54,35,5,4,5,1,49,1,5,236,2,1,6,30,2.701915073,34
1,4,20,25,5,4,3,1,44,0,5,70,2,1,6,17,3.832535298,31
1,3.6,48,40,5,4,4,2,38,1,5,500,1,1,5,22,2.496512777,21
1,3.6,20,30,4,5,5,2,56,0,5,112,2,1,6,19,1.174188241,26
1,1.9,31,27,4,3,5,1,29,1,5,25,2,1,6,21,4.814932417,27
1,3.8,26,26,4,4,5,2,31,0,5,40,2,1,6,10,2.842125784,26
1,3.4,34,33,4,4,5,1,32,0,5,264,2,1,6,12,3.476075349,28
1,2.3,24,20,4,4,3,2,55,0,5,90,2,1,6,12,1.927243578,15
0,4.2,20,37,5,5,3,1,42,0,5,500,2,1,6,8,4.227647175,32
0,4,20,20,4,3,5,1,36,0,5,45,1,0,6,8,3.057063186,12
1,4,15,20,5,4,5,2,31,0,3,52,1,0,2,20,4.586969271,15
1,3.3,34,28,5,4,6,2,27,1,5,134,2,1,6,28,3.986845227,35
1,3.4,20,14,4,4,3,1,41,0,5,64,2,1,6,21,1.468767645,24
1,2.1,15,13,5,5,5,2,31,0,5,359,2,1,6,28,1.363926904,20
1,4,40,20,5,5,5,2,38,0,3,20,1,0,5,10,3.64133534,25
0,4.2,30,10,2,2,2,2,39,0,6,450,2,1,2,27,2.442331592,10
0,3.9,31,35,3,4,5,2,46,0,6,80,2,1,2,19,2.193205488,33
1,3.5,21,35,4,4,5,1,67,0,2,293,2,1,6,21,3.640044209,35
0,4,20,20,5,5,5,1,53,0,8,85,2,1,6,18,4.028699138,31
0,4,15,15,3,4,2,1,68,0,3,14,4,1,6,29,3.241065039,17
1,4.1,40,41,3,3,5,1,37,1,5,39,2,1,6,17,4.753032793,27
1,3.6,31,18,5,4,3,1,45,0,5,500,2,1,6,7,1.810911977,35
0,4,30,10,5,4,4,2,41,0,6,38,2,1,6,5,3.647355145,13
1,4.7,16,18,5,5,6,1,45,0,5,26,2,1,6,8,4.585824058,30
0,3.5,15,20,4,4,2,1,57,0,4,145,2,0,6,22,1.08841184,14
1,4.5,15,35,4,5,5,2,25,0,5,306,2,1,1,20,2.026475203,30
1,3.2,30,25,4,4,3,1,37,0,6,50,1,0,6,12,4.61882109,15
0,3.4,20,18,4,4,3,2,50,0,3,15,4,0,6,10,4.270418347,23
1,3.2,46,50,4,3,5,1,60,0,5,214,2,1,6,30,4.967164088,24
1,4.6,58,46,4,5,1,2,25,0,5,465,2,1,6,11,4.650676459,23
1,4.2,38,34,4,4,4,1,40,1,5,262,2,1,6,7,3.859921282,15
1,4,48,42,4,4,3,2,34,0,5,374,2,1,6,7,1.486263599,22
1,4.2,30,50,5,5,4,2,27,0,4,101,1,0,6,14,2.093284564,33
0,4.2,15,50,4,4,4,1,43,0,6,102,2,1,6,12,3.145742135,35
0,4.3,42,38,4,4,5,1,47,0,7,235,2,0,6,6,2.615324764,17
1,3.5,28,28,4,4,4,1,32,0,6,266,2,1,1,22,3.780599235,10
1,2.5,30,41,4,4,2,1,68,0,6,52,3,1,2,18,2.244461842,33
1,2.9,30,35,5,4,4,1,34,0,2,22,1,0,6,26,3.74234369,25
1,3.6,36,34,4,4,4,2,25,0,5,457,1,0,6,5,1.128866384,27
1,4.7,54,48,4,5,1,2,25,0,5,458,2,1,6,25,3.379967386,24
1,3.5,30,30,5,4,5,1,30,0,5,24,2,1,6,9,3.964755835,20
0,4,20,20,4,4,4,1,64,0,5,65,2,1,6,27,4.403215843,35
1,3.2,30,30,4,4,4,1,23,1,5,41,1,0,6,7,4.333611456,28
0,4,50,15,5,5,1,2,,0,2,3,2,0,7,30,4.976243131,22
1,4.2,15,17,5,5,3,2,47,0,6,74,2,1,6,6,4.737288985,25
0,4,20,30,4,5,3,2,36,0,5,76,2,1,6,17,1.289689864,24
1,3.6,21,23,4,4,3,2,40,0,5,51,2,1,6,10,2.921223808,16
1,2.7,19,21,4,2,3,1,25,0,5,302,1,0,6,21,4.740202048,30
1,4.6,55,40,5,5,5,1,38,0,5,40,2,1,6,12,4.91550182,16
0,3.4,5,10,4,4,5,1,35,0,6,500,2,0,7,7,2.279025143,23
1,1.8,6,14,5,5,5,1,28,0,5,150,1,0,2,6,1.835722913,14
0,2.8,20,30,4,4,2,2,37,0,6,95,1,0,6,20,2.939691222,34
1,4.5,30,30,5,5,5,1,28,1,4,20,1,0,6,7,1.452878104,26
0,3.1,35,30,4,4,3,2,43,0,5,86,2,1,6,10,2.39679435,28
1,3.4,39,34,5,5,5,2,34,1,6,492,2,1,5,12,1.32144947,10
0,5,60,50,5,5,5,1,34,0,6,72,2,1,6,18,3.079115065,14
0,4,25,25,5,4,1,2,40,0,5,45,1,0,6,13,1.026807451,34
1,3.4,30,21,4,4,2,1,48,0,4,52,2,1,6,15,4.53841186,27
0,3.5,10,11,4,3,5,2,41,0,5,252,2,1,6,18,1.494879983,11
1,3.8,38,35,4,4,5,1,35,0,5,179,1,0,6,20,3.624561616,33
1,5,60,50,5,5,6,2,35,1,5,500,2,1,6,20,1.325182542,32
0,3,10,10,4,4,4,2,23,1,4,34,1,0,3,24,3.666802693,15
0,5,9,15,4,4,3,2,27,0,4,33,4,0,6,30,1.077285114,11
1,4.1,30,25,4,4,5,1,57,0,5,251,2,1,6,25,4.836549084,31
0,3.1,30,25,5,5,3,1,36,0,5,306,2,1,2,15,4.576517565,24
1,3.9,46,50,4,4,4,1,46,0,4,55,1,0,6,13,3.534530094,15
1,3.4,26,27,4,4,4,1,43,0,6,90,2,1,6,10,1.198362011,17
0,3.1,25,18,5,5,4,2,63,0,3,31,4,0,6,16,1.506933713,21
1,1.7,15,30,3,4,3,2,36,0,5,30,2,1,6,25,1.289956031,25
1,2.6,20,25,4,5,5,2,25,1,5,304,2,1,6,8,3.540183922,18
0,3.5,20,20,4,4,5,1,36,0,5,60,2,0,2,22,1.541433348,29
1,4.2,42,32,4,3,3,2,38,1,5,207,2,1,6,8,4.266266255,33
1,4.2,55,48,5,5,6,1,35,0,7,420,2,1,6,10,1.164962334,21
1,2,20,20,5,5,4,1,50,0,3,25,1,0,6,9,3.183214453,13
1,3.9,27,27,4,4,5,2,31,1,5,197,3,1,6,10,3.739192521,24
0,3,30,25,4,4,4,2,42,0,5,22,5,0,6,28,1.881461678,25
1,3.3,33,38,4,4,2,2,22,0,5,302,1,0,7,27,4.070008375,13
1,3.5,36,19,4,4,3,2,29,0,5,156,2,1,6,25,4.55877329,19
1,3.8,29,33,4,4,5,1,32,1,5,166,2,1,2,26,1.649565056,16
1,5,60,50,5,5,6,1,24,1,5,498,2,1,3,15,2.691235857,28
1,4,20,15,4,4,6,1,40,0,5,29,2,1,6,28,4.271942501,10
0,3.5,30,21,4,4,5,2,53,0,5,50,2,1,6,6,4.805602305,28
0,4,40,27,5,5,5,1,40,0,3,9,2,0,5,8,2.419425068,26
0,3.4,30,13,4,4,2,1,44,0,5,50,1,0,6,12,1.380650556,10
1,4.3,52,24,5,5,5,1,53,0,7,500,2,1,6,23,3.333681143,11
1,4,25,16,4,4,5,1,24,1,4,43,1,0,2,5,4.858439784,16
0,3,30,19,5,4,3,1,52,0,3,39,2,1,6,10,2.135287452,12
1,3.1,28,14,3,3,4,2,38,0,3,120,2,0,2,23,4.253759328,21
0,3.5,10,15,4,4,3,1,,0,4,70,5,1,6,21,1.310348691,18
1,3,30,20,5,5,5,2,27,0,5,49,1,0,5,26,4.801234168,21
0,4.2,30,25,5,4,4,2,32,1,5,81,2,1,6,21,3.123660324,18
0,4.2,25,26,4,4,3,1,26,1,3,32,1,0,2,21,2.534319076,34
0,4.2,30,15,4,4,3,2,38,0,6,70,2,1,2,23,2.474506011,29
1,4,30,25,4,4,3,1,29,0,2,15,1,0,6,20,4.401726664,19
0,4,25,25,4,4,2,2,27,0,3,3,1,0,6,24,3.409290257,25
1,4.4,30,21,4,4,4,2,37,0,5,60,1,0,7,23,4.647112887,18
0,4,30,25,4,5,5,1,26,0,7,45,1,0,5,24,3.691893844,21
1,2.2,17,15,5,5,5,1,30,0,6,277,1,0,6,6,1.918383007,13
1,3.5,30,25,5,4,4,1,22,1,4,12,1,0,7,7,3.755270767,11
1,3.5,20,15,5,4,4,2,24,0,2,11,1,0,5,19,3.582477005,10
0,3.9,30,30,4,4,1,2,44,0,6,21,1,0,3,19,2.252362998,18
0,3.9,30,16,4,4,4,2,40,0,5,45,2,0,2,28,2.816816841,18
0,3,16,15,4,4,5,2,38,0,5,99,2,1,4,14,1.21720254,14
1,3.2,30,30,4,3,5,1,67,0,5,50,2,1,6,14,4.55429732,31
1,3.9,43,36,5,5,6,1,33,1,6,100,1,0,6,17,4.433492339,23
0,3.5,40,30,4,4,2,2,23,1,5,20,1,0,6,18,1.468370446,29
1,4.3,20,31,5,4,2,2,24,1,6,189,1,0,2,7,4.538192867,22
1,3.7,20,15,4,4,3,1,31,0,5,33,1,0,3,21,4.657735469,15
0,2.8,55,35,4,4,3,1,49,0,4,44,2,1,6,20,4.952990849,29
1,3.4,12,34,4,4,5,2,30,0,5,41,2,1,6,12,3.405480559,34
1,4.4,15,30,4,4,2,2,21,1,3,10,1,0,6,10,4.123103802,21
1,3.2,28,28,3,3,5,1,30,0,6,45,2,1,6,16,1.991333883,34
0,3.5,30,30,4,4,5,2,23,1,3,1,1,0,2,8,2.350080735,25
0,4,20,50,4,4,4,2,35,0,6,65,1,0,2,14,2.957476379,31
0,4,40,22,5,5,2,2,35,0,5,40,2,1,6,30,4.752259828,28
0,3,30,20,4,4,5,2,23,1,5,12,1,0,6,13,2.623270772,35
0,2,5,10,2,2,2,1,28,0,4,15,1,0,3,13,2.286067804,35
0,4,20,22,5,4,5,2,38,0,2,79,2,1,6,6,3.035962658,29
0,4.3,10,10,1,1,1,2,59,0,2,19,2,0,6,5,2.46305434,18
1,3.5,43,33,3,4,4,1,25,0,5,27,2,1,6,22,1.488787741,32
1,3.4,30,20,4,4,4,2,61,0,5,140,2,0,6,27,3.568054959,19
0,3.1,25,15,4,4,2,2,56,0,6,22,1,0,6,17,1.412638106,23
1,3.8,27,21,4,4,3,1,61,0,5,62,2,1,6,29,1.07549067,25
1,3.6,15,20,4,4,3,2,45,0,5,64,2,1,6,14,1.231757081,13
1,3,30,14,4,4,5,2,63,0,8,25,2,1,6,15,3.067536043,12
1,2.6,60,50,5,5,6,1,23,0,5,72,1,0,6,10,4.858939846,26
1,2.5,31,26,5,5,5,2,40,0,6,50,2,1,6,18,3.637395906,28
1,4.7,35,21,5,4,5,1,29,0,5,291,2,1,6,27,1.345818132,14
0,2.2,45,29,5,4,5,1,33,0,6,133,2,1,2,7,2.394881942,13
1,4,45,50,5,4,3,2,22,1,5,12,2,0,5,27,4.659547333,33
0,3.4,6,20,2,2,5,1,36,0,5,77,1,0,6,18,2.1119509,31
1,2,20,31,5,5,4,1,32,0,3,28,2,0,2,19,4.164054525,32
1,3.7,21,20,4,4,5,1,33,0,5,100,1,0,2,15,2.057344913,24
1,4.2,20,25,4,4,4,2,33,0,6,95,2,1,6,18,4.794650375,28
0,4,20,46,5,5,5,2,39,0,5,65,2,1,6,14,3.165407722,33
0,2.9,20,20,4,4,2,2,27,1,5,19,1,0,5,10,1.398978381,18
1,4.2,20,16,5,5,4,2,55,0,3,56,1,0,6,10,4.2478197,16
0,4.1,35,8,5,4,1,2,37,0,1,17,1,0,6,15,1.773886844,12
0,3,20,30,5,4,4,1,65,1,5,21,1,0,6,26,2.674826643,17
0,4,10,25,4,4,5,2,34,0,5,79,2,1,3,10,2.410371539,33
0,1.8,46,12,3,4,3,2,23,0,2,22,1,0,6,16,3.687239292,33
1,4.2,15,31,5,4,4,1,22,0,2,25,1,0,6,10,4.345588003,20
1,3.4,32,24,3,3,2,2,29,0,3,45,1,0,6,21,4.736863526,18
1,4.2,59,46,5,5,6,2,32,0,6,399,2,1,6,11,4.331793915,16
1,3.8,60,30,5,5,5,1,46,0,3,35,2,1,6,22,4.232591388,27
0,5,20,17,5,5,5,2,29,0,5,304,2,1,6,11,4.283945925,12
0,4.2,15,29,5,4,2,2,55,0,6,140,1,0,6,5,1.328258868,26
0,4.1,41,24,3,3,3,1,,0,5,104,2,1,2,9,1.049937749,21
0,4.1,15,11,4,4,3,2,38,0,6,29,2,1,2,14,2.116838143,15
1,3.5,15,21,4,4,5,1,35,0,4,500,1,0,3,7,2.579101278,27
0,4,20,25,5,5,4,2,29,0,6,60,2,0,6,21,3.112193168,28
0,4.2,30,32,5,5,4,1,33,0,5,67,1,0,2,15,1.112175668,25
0,4,31,29,4,5,5,2,34,0,1,33,1,0,6,9,4.178343316,31
1,2.6,10,14,4,4,4,1,55,0,5,40,2,1,6,13,4.163569493,23
1,5,51,45,5,5,5,1,36,0,5,500,2,1,6,29,2.660491736,33
0,4,30,20,4,5,5,2,26,1,5,65,1,0,2,13,2.357500534,12
1,4.2,30,25,4,5,5,2,25,1,4,244,2,1,6,11,1.057368265,20
0,5,15,15,4,4,2,2,71,0,5,31,4,1,6,17,2.525548047,35
1,4,30,30,5,5,2,2,31,0,5,29,1,0,6,13,4.178703386,28
1,1,40,50,4,4,4,1,37,0,5,58,1,0,6,24,4.526811134,17
1,3.6,52,36,5,3,5,1,42,1,3,258,2,1,6,17,3.357383637,13
1,4.6,31,26,4,4,4,2,25,0,5,0,2,0,6,10,4.982178809,11
0,3.5,30,20,5,4,4,2,32,0,2,85,1,0,3,27,1.953755296,19
0,4.3,41,29,5,4,6,2,21,1,3,3,1,0,6,22,3.220077836,30
0,3.8,15,15,4,4,4,1,23,1,3,10,1,0,2,24,2.399381551,17
0,4,15,12,4,4,2,2,35,0,2,4,2,1,6,18,2.535151013,16
0,4.1,15,16,5,5,5,1,38,0,6,380,2,1,6,22,1.036070213,16
0,4.3,11,19,4,4,5,1,44,0,6,195,2,1,2,27,3.191672532,27
0,3.4,20,20,5,4,4,1,49,0,5,28,2,1,5,30,2.720992026,18
1,4.4,41,40,5,4,6,1,25,1,5,500,1,0,6,14,3.298192642,33
0,3.6,17,28,5,4,5,2,35,0,5,45,2,1,6,22,2.211116988,32
0,3.8,35,20,5,5,5,1,32,0,2,48,1,0,6,11,2.68679946,12
0,2.6,6,10,4,4,2,2,35,0,6,102,2,1,2,21,1.22866265,28
0,3.5,30,25,4,4,2,1,35,0,2,50,2,1,5,9,1.535560263,12
1,4.2,15,49,5,5,5,1,61,1,5,499,2,1,6,27,4.450738117,10
0,3,40,18,5,4,3,2,25,1,6,63,1,0,2,15,2.270376394,29
0,3.5,15,20,5,4,2,2,64,0,5,171,2,1,6,18,1.701483257,18
0,4.1,16,16,5,4,5,1,32,0,6,325,2,0,6,5,2.921026263,20
0,5,10,10,5,5,2,2,34,0,6,49,2,0,6,16,1.416712387,13
0,4.5,15,18,4,4,3,2,30,0,3,25,4,0,3,20,4.140822365,17
1,2.7,15,20,5,5,5,1,54,0,4,77,2,0,6,10,2.98343889,14
1,4,15,10,4,4,3,2,,0,6,96,2,1,2,28,4.085986323,28
0,4.3,10,10,4,4,3,2,22,1,4,0,1,0,2,26,4.502402713,14
0,4,20,25,3,3,5,1,72,0,3,66,2,1,5,28,1.848974228,23
0,3.5,20,10,5,4,4,2,32,0,4,35,2,1,6,14,3.812361677,28
1,3.7,35,27,5,4,3,1,36,1,6,317,1,0,2,17,3.118838625,12
1,4.7,52,42,5,3,4,2,49,0,5,370,2,1,6,28,3.94549994,22
0,4,35,40,5,4,5,2,25,0,5,500,2,1,6,29,1.146308312,21
0,4.8,15,15,5,5,3,2,33,0,5,40,1,0,3,27,1.94794515,11
1,3.5,40,26,5,4,5,1,62,0,5,125,2,0,6,29,4.593809958,23
1,4.9,58,47,5,5,6,2,30,1,6,51,2,1,6,7,2.156902708,25
0,2.1,29,35,3,3,5,2,49,0,4,342,2,0,3,28,1.119436798,26
0,4.5,15,10,5,5,4,1,34,0,6,100,2,1,2,11,2.449855556,12
1,3.7,30,39,5,5,3,1,44,0,6,45,2,1,6,30,2.360432786,23
0,2.6,19,14,4,4,2,2,42,0,3,43,1,1,6,26,2.235236627,22
0,4.8,10,20,4,4,3,1,40,0,5,74,2,0,6,19,4.652299868,32
0,4,30,35,5,4,2,1,39,0,6,100,2,1,6,25,3.10857781,23
1,4,31,21,5,5,2,2,35,0,5,23,1,0,3,27,3.721721437,16
1,4.3,40,40,5,4,6,2,57,0,5,52,2,1,6,14,3.194554615,14
0,4,15,20,4,2,3,2,33,0,3,0,1,0,7,7,3.618687623,15
1,4.3,15,15,4,5,4,2,51,0,5,29,2,1,6,26,1.100670792,26
1,1.8,20,20,4,4,5,1,54,0,5,18,1,0,2,7,1.578860062,15
1,3.5,30,40,4,4,2,1,27,0,2,35,1,0,3,7,4.156135945,22
1,3,10,10,4,5,3,2,50,0,5,26,2,1,6,29,3.664847939,14
1,2.1,41,17,5,5,4,2,32,0,6,156,2,1,2,23,2.594476859,21
1,5,52,50,4,5,6,1,39,1,6,500,2,1,6,18,1.88449496,14
0,3.2,30,40,5,3,2,1,35,0,3,35,2,0,3,16,3.640422692,33
1,4.8,53,48,5,5,3,1,30,0,5,452,2,1,6,13,1.759183575,20
1,3.4,10,30,5,4,4,1,30,0,5,66,2,1,2,5,3.4970398,23
1,4.2,23,9,5,5,1,2,41,0,2,23,2,1,6,9,1.66626186,29
1,4,31,41,5,5,5,2,45,0,5,500,2,1,6,15,4.367384728,30
1,3.5,30,31,5,5,5,2,40,0,5,60,2,1,2,23,4.660912763,23
0,4.9,5,10,4,4,1,1,43,0,3,10,1,0,3,25,3.135761574,19
1,3.3,35,32,5,5,3,2,27,0,5,500,2,1,2,13,1.548545305,23
1,4.5,58,45,5,4,4,1,30,0,5,420,2,1,6,6,3.83435866,31
1,3.4,51,39,4,4,5,1,32,0,5,302,2,1,2,30,2.909621077,31
1,3.6,18,22,4,4,5,2,25,1,6,303,2,1,6,20,4.823029968,18
1,3.5,40,29,4,4,6,1,31,0,6,242,2,1,3,30,1.623302286,27
0,4.9,30,25,4,4,4,2,66,0,8,180,2,1,6,30,2.739271576,19
1,3,10,12,3,4,3,2,29,1,5,55,1,0,6,15,1.135916268,13
1,4,30,35,5,5,5,2,28,1,5,40,1,0,6,21,4.286794435,15
1,2.7,9,17,4,4,3,2,26,0,5,200,2,0,2,10,2.72983867,33
1,4.9,25,21,5,4,5,1,30,0,5,400,2,1,2,25,4.943164174,21
1,3.9,39,36,4,4,5,1,35,0,5,405,1,0,2,13,3.828811568,21
0,4.2,30,22,5,4,2,2,28,0,4,33,2,1,6,17,1.466368431,33
1,3,45,25,5,5,5,1,30,0,2,69,2,1,6,10,3.093575445,11
1,3.5,46,34,4,5,5,2,25,0,5,406,2,1,6,21,1.09802228,17
1,4.1,38,42,5,5,5,2,24,0,5,358,1,0,2,19,4.805009046,22
1,4.2,45,32,5,4,5,2,43,0,5,452,2,1,6,20,2.021664973,12
1,5,48,39,5,5,5,2,24,0,5,327,1,0,6,19,4.471297762,29
0,4.2,22,20,4,4,3,2,33,0,3,46,1,0,6,25,3.971893145,29
1,4.3,51,46,5,5,5,2,25,0,5,454,2,1,6,18,1.659783567,31
1,3.8,25,23,5,4,6,2,56,0,5,80,2,1,6,12,2.537407084,10
1,4.4,46,47,5,5,5,2,24,0,5,374,1,0,6,30,4.994798549,22
0,4.2,60,20,4,4,5,2,38,0,5,100,2,1,2,6,2.803141233,13
1,3.5,20,15,5,5,3,1,29,0,7,87,1,0,6,13,3.621084463,12
1,4.2,49,35,4,5,5,2,30,0,6,393,2,1,6,7,3.685448222,15
0,3.4,20,20,5,5,5,2,61,0,4,18,2,1,6,16,2.388724128,33
0,4.3,13,27,5,5,2,2,39,0,6,85,2,1,6,27,1.150257628,26
1,3.3,40,29,5,5,5,1,25,1,5,94,1,0,6,14,4.003893222,26
0,3.3,18,24,3,3,2,2,40,0,5,98,2,1,2,29,1.739969363,32
1,3.9,48,34,4,4,3,1,47,0,6,340,2,1,6,28,4.272660967,27
0,4.2,10,15,5,5,3,1,36,0,4,276,2,1,2,25,3.576790562,25
0,4,15,30,3,4,4,2,21,1,2,51,1,0,6,5,2.711863455,34
1,4,36,24,5,5,4,1,30,0,6,136,2,1,6,13,3.910152287,25
0,4,20,15,5,4,4,2,55,0,3,44,4,1,2,9,4.020766146,16
1,3.4,14,15,4,4,4,1,30,0,5,500,1,0,2,22,4.367202562,25
1,3.4,15,15,4,4,4,2,29,0,5,500,1,0,6,17,1.043274604,27
0,3.8,15,21,5,4,3,2,24,0,5,38,1,0,6,17,2.795649062,11
1,4.3,12,38,4,5,5,1,25,0,5,398,1,0,6,14,1.440736641,28
1,3.6,40,35,4,5,3,1,44,0,6,286,2,1,6,22,2.457547982,10
1,3.6,6,24,4,4,5,1,30,0,5,71,2,1,2,13,4.297620497,27
0,3,22,12,4,4,2,2,33,0,6,62,2,1,6,20,1.492404049,10
1,4.2,30,22,1,1,4,1,28,0,2,350,2,0,7,20,4.545479443,10
1,3.5,30,31,5,5,5,1,25,1,5,98,1,0,6,7,3.16208402,15
1,2.6,24,22,5,4,6,1,25,0,5,500,1,0,6,26,2.168381401,27
0,4.2,15,25,5,4,5,1,55,0,5,400,2,1,6,21,2.254453895,28
1,4.4,48,29,5,4,4,2,41,0,6,286,2,1,6,19,3.622650402,29
1,4,35,34,5,5,5,1,39,0,6,350,2,1,2,17,4.289006449,27
0,4,20,17,3,3,2,2,31,0,4,8,2,1,5,23,3.683030762,25
1,3.2,25,26,4,5,3,1,29,0,5,67,2,0,6,30,2.244215356,18
0,3,30,25,5,5,5,1,34,0,3,39,1,0,6,10,3.167314367,35
0,4,15,29,5,5,4,2,42,0,2,125,2,1,2,19,3.866631521,22
1,3.4,31,32,5,5,5,1,25,1,5,99,1,0,6,28,2.624465212,20
1,3.2,34,24,4,4,5,1,52,0,6,116,2,1,6,24,2.474543681,15
1,5,20,35,4,5,3,1,61,0,6,50,2,1,6,22,2.257422741,12
1,3.3,25,12,4,3,4,2,25,1,8,500,1,0,6,18,2.67786857,21
1,3.5,41,27,4,5,4,1,28,1,2,303,2,1,2,9,3.227140533,18
1,3.4,48,29,4,5,4,1,29,1,3,396,2,1,2,17,2.426503428,28
1,3.4,30,50,5,5,5,1,35,0,5,500,2,1,6,22,4.621559844,34
0,3.6,35,15,4,4,3,2,28,0,5,62,1,0,2,9,2.870558053,12
1,3.4,30,50,5,5,5,2,44,0,5,500,2,1,6,28,3.127301477,16
1,3.6,42,26,4,4,5,2,47,1,6,56,2,1,6,20,1.291584747,24
1,4.6,15,22,4,4,5,2,25,0,5,300,2,1,6,17,4.059950282,31
1,4.2,54,44,4,4,5,1,44,1,5,500,2,1,6,12,3.854638997,16
0,4.5,45,20,3,3,5,2,25,1,5,14,1,0,6,21,3.33584375,15
1,3.4,10,21,5,5,5,2,39,0,6,450,2,1,2,10,1.58732342,17
1,3.5,46,25,4,4,5,1,56,1,2,261,2,1,2,22,2.501587252,14
1,3,15,25,4,4,4,1,47,0,5,50,2,1,6,11,3.095557618,23
1,3.5,34,29,3,3,2,1,43,1,5,259,2,1,2,27,2.827630735,22
0,3.5,25,19,4,4,3,2,44,0,5,439,2,1,6,26,2.455255519,29
0,3,10,50,5,5,5,1,40,0,5,500,2,1,2,30,1.266237063,18
1,4.5,12,27,4,4,3,2,43,0,5,304,2,1,3,12,4.192113912,27
1,4.2,45,36,4,5,5,2,64,1,5,400,2,1,6,26,4.750365675,21
1,3.7,23,29,3,2,6,1,28,0,5,265,1,0,4,15,4.236934983,18
0,4.1,15,17,4,4,2,1,59,0,5,91,2,1,2,14,3.223744269,17
1,4.9,52,46,5,5,5,1,39,1,6,500,2,1,6,10,4.488525372,14
0,3.8,15,21,5,5,3,2,36,0,5,144,2,1,2,22,2.386998697,29
1,3,32,27,3,3,4,1,30,1,6,301,1,1,2,27,2.421446791,34
1,5,60,50,5,5,6,2,39,0,6,500,2,1,6,19,2.122638658,13
1,3.5,50,50,5,5,5,2,30,1,6,450,1,1,2,15,1.967297273,35
1,4.2,60,34,5,4,6,1,40,1,5,296,2,1,6,15,4.471775037,25
0,4,60,50,5,5,5,2,35,0,6,33,1,0,6,25,3.821430589,14
1,4.8,50,50,4,4,5,1,32,0,5,350,2,1,6,8,3.704804508,21
0,4,15,30,5,4,4,2,64,0,5,23,4,1,6,14,3.60593403,34
1,3.7,26,24,4,4,5,1,40,0,7,500,2,1,6,30,3.885767726,24
1,4.3,49,39,4,4,4,2,21,1,5,380,1,0,6,6,4.341658754,10
1,3.9,49,47,4,5,4,1,55,0,5,332,2,0,6,21,2.907473739,29
1,4.2,10,30,4,5,5,1,39,0,3,300,2,1,2,7,3.719839354,12
1,3.2,25,20,3,4,4,2,25,1,8,500,1,0,6,5,1.415980836,11
1,4.6,25,24,5,4,5,2,25,0,6,360,2,1,6,15,1.403966384,32
1,4.3,55,48,4,4,6,1,31,0,6,484,2,1,6,7,1.051167605,18
1,4,38,27,3,3,6,1,46,0,6,215,2,1,3,15,2.442809523,34
1,3,45,20,4,4,3,2,33,0,5,32,4,1,6,30,4.749337988,19
1,4.5,48,44,4,5,5,2,25,0,6,439,2,1,6,5,2.144702587,30
1,2.6,20,38,5,5,5,1,34,0,5,500,2,1,2,9,4.217682099,29
1,3.7,27,18,1,1,6,2,36,0,7,245,2,1,6,20,3.270255445,18
0,3.7,33,36,5,3,3,2,44,0,4,25,2,1,6,22,2.8348825,27
1,3.8,9,20,4,4,3,2,40,0,5,276,2,1,3,9,3.119209982,20
1,4.3,50,40,5,4,6,2,57,0,6,457,2,1,6,21,4.086029988,15
1,3.4,15,17,5,5,4,1,29,0,5,204,3,0,6,21,2.529295521,24
1,2.3,31,29,4,4,3,2,62,0,5,447,2,1,5,21,2.016420236,23
0,3.7,30,34,5,4,5,1,28,1,5,66,1,0,6,29,1.85378255,12
0,3.8,25,22,4,5,5,1,31,0,5,112,2,1,6,20,3.447325586,23
1,4.5,54,37,4,4,5,2,42,0,5,405,2,1,6,22,2.907659138,35
1,3.4,31,29,5,5,5,1,34,0,6,44,2,1,6,8,3.24165674,15
1,4.5,25,30,5,4,5,1,54,0,5,60,2,1,6,18,4.554453009,26
1,3.8,48,43,4,4,5,2,25,0,5,336,2,1,6,25,2.299957787,10
1,3.5,47,34,4,4,6,1,20,1,5,216,2,1,6,18,3.118235324,24
1,3.5,46,35,4,4,6,2,20,1,5,310,2,1,6,27,4.347468432,22
1,5,60,45,5,5,6,1,54,0,6,500,2,1,6,23,4.780176264,10
0,4,15,19,4,4,5,2,57,0,5,100,1,0,2,25,3.158059277,15
1,4.2,20,18,4,5,5,1,54,0,5,90,2,1,6,13,3.882338293,16
1,3.4,34,29,3,4,4,1,41,0,5,500,2,1,6,14,3.202873541,21
1,3,32,28,5,5,3,1,24,1,2,267,1,0,6,21,1.896637448,31
1,4,27,41,5,4,2,2,50,1,6,375,2,1,6,19,4.629184768,23
1,3.7,47,42,5,5,6,1,,1,5,463,2,0,1,6,3.080571268,26
1,4.6,42,36,4,5,5,2,29,0,6,458,2,1,6,21,1.731568596,10
1,4.2,29,37,5,4,2,2,47,1,6,269,2,1,6,20,1.875039078,10
0,4.5,30,30,4,4,3,1,65,0,5,130,4,1,6,22,1.4878989,26
1,2.5,31,19,3,4,5,1,32,1,6,52,2,1,6,15,4.41848165,27
1,3.9,37,45,5,4,2,2,55,1,6,312,2,1,6,5,4.206682946,28
1,1.9,30,21,4,4,5,2,31,0,5,90,2,1,2,27,2.296254631,34
1,4.3,40,45,4,5,4,1,49,0,7,394,3,1,6,12,2.797800874,29
1,3.7,31,34,4,4,5,1,72,0,6,359,2,1,6,16,2.510931915,17
1,3.8,27,42,4,5,2,1,50,1,6,332,2,1,6,25,1.687836328,25
1,4,50,41,4,4,4,1,35,1,7,386,1,0,2,15,2.414193662,30
1,4.3,31,45,4,5,5,1,41,0,6,54,2,1,6,28,4.031520745,12
1,4,11,24,4,5,5,2,29,0,5,81,2,1,6,19,4.319923674,32
1,3.7,40,31,4,4,5,1,62,0,6,357,2,1,6,18,1.507562013,21
1,4.4,28,39,5,4,2,1,45,1,6,338,2,1,6,18,2.165079895,33
1,3.6,25,15,5,5,5,1,25,0,6,201,2,1,6,17,3.807460966,14
1,3.1,9,8,3,3,4,1,38,0,2,57,2,1,6,21,1.160952144,21
1,2.4,27,11,5,5,3,2,38,0,2,10,2,0,6,8,2.999703485,28
0,3.2,15,37,5,4,4,2,25,1,7,351,2,1,6,23,1.357389289,27
0,2.2,22,13,4,5,5,1,32,1,5,113,2,1,6,22,2.063918422,17
1,3.1,9,42,4,4,5,1,38,0,2,49,2,1,6,5,3.236912052,32
1,4,29,21,5,5,4,1,33,0,5,134,2,1,5,8,4.241724004,35
1,2.8,10,20,3,3,2,1,38,0,2,54,2,1,6,27,2.359770842,35
1,2.2,25,25,4,4,5,1,32,0,6,56,2,1,6,23,1.101541513,25
1,4,29,41,4,5,3,2,69,1,6,363,2,1,6,9,1.272627395,21
1,5,14,35,5,5,6,1,38,0,2,54,2,1,6,6,4.468142605,25
1,3.8,31,43,4,5,3,2,49,1,6,365,2,1,6,12,4.695491342,24
1,3.9,26,42,4,5,2,2,61,1,6,342,2,1,6,21,3.321613138,16
0,3.5,30,25,5,5,5,1,34,0,6,20,2,1,2,7,1.042709148,25
1,3,20,15,4,4,3,1,30,0,5,30,2,1,6,6,3.128497594,20
1,3.6,25,16,5,4,6,1,40,0,6,499,2,1,1,20,3.693498626,18
1,4,20,20,4,4,5,1,44,0,2,50,2,1,6,9,4.320348203,14
1,3.9,46,34,4,4,5,2,31,0,6,334,2,1,2,29,2.932059384,26
0,4.2,41,42,4,4,5,1,36,0,5,50,2,1,2,7,1.06270274,22
0,3.2,45,40,4,4,5,1,54,0,6,80,4,1,6,25,2.266799106,15
1,3.9,41,37,4,4,3,1,42,1,5,29,1,1,6,10,4.738828426,31
1,3.5,38,27,4,4,3,1,42,0,7,99,2,1,6,21,2.70153331,13
1,4.2,40,25,4,4,5,2,40,0,5,399,2,1,6,7,2.405606689,11
1,2.6,20,28,4,4,2,2,59,0,5,452,2,1,6,21,1.182579353,24
1,3.8,46,38,4,4,5,1,27,0,6,382,2,1,5,6,1.521326886,16
0,4.2,50,31,5,4,5,1,40,0,5,47,2,1,2,27,2.084753786,23
1,4.8,56,48,5,5,4,1,24,1,5,457,1,1,2,20,3.036033643,33
1,3.4,25,18,5,4,5,2,56,0,4,47,1,0,6,10,3.809237449,15
0,3.4,16,25,4,4,3,2,25,0,5,405,2,1,2,26,1.454458473,16
1,4.2,31,22,5,5,6,2,31,0,6,101,2,1,6,13,3.728120174,12
1,4.2,41,30,5,4,2,2,38,0,3,80,2,0,6,28,4.738526204,23
1,3.6,45,36,5,5,5,1,40,1,6,500,2,1,5,28,1.516817241,12
1,2.5,33,23,4,4,3,1,42,1,6,189,2,1,6,5,2.767997519,10
1,3.9,20,36,4,4,4,1,36,0,5,330,2,0,2,24,3.37591875,34
1,2.7,11,24,3,4,5,2,45,0,5,50,2,1,6,11,2.753803018,24
0,1,8,50,3,1,4,1,28,0,5,208,1,0,3,8,1.546571601,33
0,4,20,20,2,4,4,1,31,0,2,54,2,1,6,9,3.233711782,24
1,1.9,21,21,3,3,6,1,38,0,6,128,2,0,6,18,1.747568192,21
1,4.7,35,15,4,4,5,1,54,0,5,450,2,1,6,13,4.466593267,11
1,2.5,25,15,5,5,5,2,35,0,6,91,2,0,6,17,1.090831524,30
0,5,20,14,5,5,5,1,46,0,5,500,2,1,2,29,2.592842468,28
0,3,15,15,4,4,3,1,58,0,5,51,4,0,6,13,2.024667318,18
0,4.6,32,20,5,5,5,2,32,0,5,276,2,1,6,6,1.397639721,23
0,3.8,30,29,5,4,4,2,34,0,5,318,2,1,2,11,1.906910564,28
0,5,15,50,5,5,4,1,40,0,5,84,2,0,6,10,1.33823202,26
1,3.5,26,19,4,4,5,1,41,0,5,214,2,1,6,17,4.435825497,19
1,2.4,40,35,5,4,5,2,24,1,5,496,2,1,6,14,2.540113423,33
1,3,30,30,5,4,2,2,45,1,5,100,2,1,6,25,3.203729857,19
0,4,15,25,4,4,2,2,28,0,5,0,1,0,6,26,4.330356109,27
1,3,30,35,4,4,2,1,33,0,3,74,2,0,6,10,4.680776513,28
1,3.2,18,33,4,4,5,1,26,0,5,65,2,1,6,10,1.543988089,27
1,3.4,29,31,4,4,4,2,23,0,5,370,2,1,6,21,4.659879682,35
1,3.3,38,28,4,4,3,2,44,0,6,500,2,1,6,24,3.311477474,23
1,4.2,38,34,4,4,4,2,46,0,5,382,2,1,6,19,2.495338664,14
1,3.7,35,34,4,4,4,2,29,0,6,254,2,1,2,14,4.215649814,16
1,3.4,43,32,4,4,3,1,29,0,6,175,2,1,2,12,4.481761437,31
0,3.5,15,10,5,4,5,1,28,0,5,90,2,1,2,18,3.123711229,11
1,2.8,15,10,4,4,5,2,55,0,6,74,2,1,6,17,2.572978912,30
1,4.2,44,36,4,4,4,1,42,1,3,256,2,1,6,9,4.693238908,33
1,3.5,35,40,5,5,3,2,26,0,4,101,1,0,6,20,4.742379639,15
1,4.2,39,40,4,5,5,1,36,0,5,298,2,1,6,20,3.85329433,18
1,3.6,30,30,4,4,5,1,35,0,5,200,2,1,6,18,2.547549988,27
1,3.7,16,25,4,4,5,2,22,0,5,99,1,0,1,15,4.824228322,28
0,4,20,50,4,4,2,1,45,0,5,20,3,0,2,15,3.209448201,31
1,3.6,34,23,4,3,2,1,41,0,5,426,2,1,6,19,4.752368427,27
1,3.2,55,18,5,5,3,2,37,0,6,500,2,1,6,23,1.821926838,13
1,4.6,30,25,5,5,2,2,33,0,2,40,2,1,6,29,4.123095274,29
1,3.6,45,41,4,4,5,1,27,1,6,409,5,1,6,14,2.503499045,19
1,3.4,15,20,5,5,5,1,30,0,5,402,2,1,6,17,4.325120077,20
0,3.5,46,50,5,5,5,2,34,0,4,65,1,1,7,16,2.121914459,33
0,4,30,17,4,4,4,2,64,0,2,6,2,1,6,11,4.316591264,23
0,3.5,20,37,4,4,5,1,35,0,5,500,2,1,6,22,1.006801159,30
1,4,13,24,4,4,5,2,66,0,4,31,4,1,6,8,4.530315986,35
1,3.5,10,28,5,5,5,1,49,0,4,69,2,0,6,8,4.298036578,33
1,3.9,9,12,4,5,2,1,32,0,5,351,2,1,6,9,3.954905487,12
1,2.9,30,26,3,3,4,2,24,0,5,41,1,0,7,29,3.612969786,26
1,3.5,40,50,4,4,4,1,38,1,3,70,2,1,6,27,3.545084214,21
0,3.9,30,25,5,4,5,2,52,1,3,51,2,1,6,26,2.360186513,33
1,4.9,53,50,5,5,6,2,30,1,5,473,2,1,6,7,3.175536437,10
0,3.8,20,28,5,5,4,2,61,0,6,237,2,1,6,28,2.662747566,11
1,5,60,50,5,5,3,1,52,1,5,440,2,1,3,21,1.421306946,30
1,3.5,34,36,4,3,4,2,29,0,5,305,2,1,6,30,1.108044742,27
0,5,11,22,4,4,3,2,46,0,6,296,2,1,6,18,2.962205263,25
1,4.9,52,47,5,5,6,2,75,0,5,435,2,1,6,16,2.150855026,32
0,4.4,60,30,5,4,4,1,43,0,5,30,2,1,6,7,3.424568993,24
1,4.1,20,16,4,4,5,2,43,0,6,213,2,1,6,7,2.636583365,25
1,2.6,30,16,5,5,3,2,58,0,5,175,1,0,6,13,3.582632185,11
1,3.9,33,35,5,4,5,2,36,0,6,51,2,1,6,11,2.596746703,30
0,4.3,15,21,4,3,5,2,53,0,5,115,2,1,6,29,4.008680052,22
0,2.6,25,24,5,5,5,1,39,0,5,48,2,0,2,25,2.333717641,33
0,3.5,30,25,5,5,2,2,39,0,2,19,1,0,6,30,1.380628854,26
1,3.9,25,17,5,5,3,1,35,0,6,51,2,1,6,11,2.039146628,34
1,4.5,12,25,5,5,3,1,33,0,8,40,2,0,6,6,4.64396108,25
1,4.2,15,9,4,4,4,1,30,0,6,78,2,1,2,13,4.429707809,22
1,3.6,10,10,2,2,3,2,45,0,6,211,2,1,1,28,3.171454392,11
1,4.8,37,21,5,5,3,2,41,0,5,76,2,1,6,6,1.876308717,31
1,2.4,29,31,2,4,4,1,26,1,3,139,1,0,3,14,2.545848382,24
0,3.3,19,8,4,3,2,2,33,0,2,28,1,0,6,22,3.412959473,23
1,4.4,48,46,4,5,5,2,62,1,5,484,2,1,6,26,3.970332181,34
1,3.1,15,20,4,4,5,2,54,0,5,77,2,1,6,7,3.645490724,17
0,3.8,30,30,4,4,4,2,39,0,5,52,1,1,6,26,2.338523329,34
1,3.4,31,22,5,4,5,1,29,0,5,308,2,1,2,14,4.398444684,13
0,4,30,14,5,4,2,1,26,0,5,15,1,0,7,24,4.10314533,16
0,4.3,15,16,5,5,3,2,29,0,6,78,1,1,6,23,2.530187188,24
0,4,20,19,4,5,3,2,47,0,2,30,1,0,5,26,3.087061479,32
1,4,14,10,5,5,4,2,48,0,5,450,2,1,2,8,2.146942791,16
1,4.3,41,41,5,5,5,2,30,0,5,50,2,1,6,20,1.945888903,29
0,4.4,20,44,5,5,5,1,48,0,5,43,2,1,6,24,2.701918954,32
1,4.6,52,49,3,4,5,1,,0,5,431,2,1,6,13,4.402522598,21
1,4.5,38,33,5,5,5,1,37,0,5,379,2,1,6,19,2.488521947,11
0,3,10,10,4,4,5,1,44,0,5,50,2,1,2,17,1.800595122,19
1,4,36,36,5,4,3,1,32,0,5,399,2,0,2,14,4.707957406,10
1,2.2,15,16,5,5,3,1,43,0,5,500,1,1,2,5,4.102519537,14
1,3.5,30,40,5,5,5,2,27,1,5,100,1,0,6,15,2.227167066,23
0,3.4,60,26,5,5,4,2,59,0,5,23,1,0,7,25,1.344962115,33
1,3.6,40,37,4,4,4,2,25,1,5,465,2,1,6,15,4.89765612,26
1,3.1,6,6,3,3,4,1,34,1,5,32,2,1,6,6,3.110768706,17
1,3.7,15,13,4,5,6,2,35,0,5,74,2,1,3,19,2.662886523,25
0,3.7,35,16,4,3,5,2,48,0,6,77,2,0,6,17,1.833408251,29
0,3.5,10,22,4,4,4,1,37,0,6,80,2,1,6,30,2.73083624,24
0,4,20,50,2,2,5,1,42,0,3,44,1,0,6,23,2.569444272,19
0,4.5,30,20,3,3,2,2,54,0,3,49,2,1,6,19,2.495356714,35
1,4.3,41,36,5,4,5,1,39,0,5,304,2,1,6,9,3.893506527,19
0,4.6,20,20,4,4,4,2,60,0,4,0,1,0,6,18,3.414270753,30
1,4.1,46,41,5,5,5,1,58,0,5,325,2,1,6,17,3.769761446,13
0,2.6,15,10,5,4,3,1,36,0,5,10,2,1,3,30,4.498532353,26
0,4,15,21,4,4,2,2,77,0,3,16,4,1,6,9,4.519116993,32
1,4,44,45,5,4,5,2,54,1,5,338,2,1,6,26,3.827217058,25
1,2.5,45,41,4,4,5,1,32,0,5,414,2,1,6,18,2.826777634,34
1,3,20,30,4,4,4,1,35,0,5,12,1,0,6,11,4.681920269,20
0,3.9,46,35,1,4,5,2,43,0,8,150,2,0,6,9,1.532879196,31
0,3.5,50,40,5,4,2,2,31,0,3,25,1,1,3,25,2.56514068,29
0,1.8,15,20,5,5,2,2,41,0,5,12,2,1,2,18,1.603115508,31
0,2.5,20,30,4,4,4,1,54,0,3,33,2,1,6,18,3.342046155,35
0,3.4,15,19,5,4,2,1,47,0,5,30,2,0,6,8,1.832266932,14
0,4.4,45,21,4,4,3,1,64,0,3,26,2,1,6,5,1.224678332,20
0,3.9,15,15,4,4,2,1,52,0,6,48,2,0,6,14,1.668165851,29
1,4.2,39,44,4,4,4,1,24,0,3,112,2,0,5,17,4.885942505,33
0,2.6,60,30,5,4,4,1,52,0,4,97,2,1,6,30,3.404961682,22
0,4.6,21,22,4,4,1,2,30,1,2,7,2,0,6,10,3.600407544,17
0,3.5,15,30,4,4,1,1,39,0,5,61,1,0,7,18,1.643815142,14
0,4.5,15,21,4,5,5,2,45,0,5,54,2,1,3,20,4.009179158,19
0,4.2,30,12,5,4,5,2,56,0,4,30,4,1,6,8,3.030498255,30
1,3.6,27,28,4,4,4,2,25,1,5,319,2,0,6,6,3.881352075,30
1,4,40,45,4,4,2,1,24,0,5,75,1,0,6,19,4.210677465,33
0,4,30,25,5,4,4,2,64,1,3,50,2,1,3,13,1.018422628,32
1,3.9,35,24,5,5,4,2,34,0,4,58,1,0,6,24,4.971833412,10
0,3.9,20,25,5,4,3,2,63,0,6,40,2,1,6,12,1.009683817,31
0,1.5,25,17,4,4,2,2,71,0,3,30,3,0,3,16,1.513010409,20
0,3.8,30,25,5,5,5,2,30,0,6,199,1,0,4,22,1.421127074,22
0,4,15,30,4,3,4,1,70,0,4,41,3,1,6,28,2.878259379,20
1,3.4,35,20,4,4,2,2,33,0,3,10,1,0,6,29,4.694970122,18
0,4,15,15,4,4,2,1,21,1,3,10,1,0,6,17,3.579548612,21
1,2,60,40,5,5,5,2,58,0,3,34,2,0,6,16,2.356921247,29
0,3.8,25,10,4,4,4,1,60,0,5,12,1,0,6,13,2.730948262,22
0,4.3,15,15,4,4,2,2,34,0,5,50,1,0,6,22,3.606877741,26
1,2.5,25,26,5,4,2,1,29,0,2,29,2,0,6,20,4.892519628,17
0,3,45,15,5,3,2,2,35,0,3,1,2,0,6,25,2.086494222,26
1,2.7,20,20,4,4,2,1,73,0,4,49,2,1,6,12,3.779914903,18
1,4.9,59,48,5,5,5,2,30,1,6,52,2,1,6,13,1.414136937,25
1,3,30,26,5,2,2,2,37,0,5,3,2,1,6,25,3.295540022,13
1,4.2,20,30,4,4,2,2,65,0,3,66,2,1,6,11,4.209799046,24
0,3.6,15,12,5,5,3,2,38,0,4,85,2,1,6,28,2.29346952,18
1,3.9,33,34,4,4,5,2,29,0,5,78,2,1,6,30,2.319785586,29
0,3,13,15,5,4,2,1,64,0,5,20,2,0,6,28,2.184804348,14
1,2.7,12,17,3,4,5,1,36,0,5,46,1,0,2,16,1.973841095,18
0,2,30,15,5,5,5,2,33,0,5,45,2,0,2,20,2.613763253,13
0,3.5,60,15,5,4,2,2,41,1,7,26,2,1,6,20,4.769380533,26
1,4.8,54,44,4,4,6,1,31,0,5,500,2,1,6,16,3.231417601,20
1,3.5,40,25,4,4,2,2,53,0,4,50,1,0,7,14,4.194184317,11
1,3.9,35,39,5,4,5,2,26,0,5,285,2,1,6,27,2.528166183,32
1,3.6,39,33,3,3,3,2,31,1,5,273,5,0,5,13,1.939593069,19
1,3.8,28,18,4,5,5,1,25,0,5,364,1,0,6,24,3.899409833,18
0,3.5,20,25,5,4,5,2,36,0,6,90,1,0,2,18,1.0625255,17
0,2,5,30,3,3,6,1,48,0,3,215,2,0,6,9,1.703120793,27
1,3,15,15,4,4,4,1,29,0,5,500,1,0,2,22,2.623105714,27
1,3.4,15,14,4,4,4,1,29,0,5,500,1,0,2,15,1.729236547,11
0,3.5,15,15,4,4,4,1,32,0,7,43,2,1,2,17,2.251476281,19
1,4.5,15,15,4,4,1,2,53,0,5,30,1,0,6,17,4.492346615,13
1,3.4,10,18,5,4,2,2,20,1,3,1,1,0,6,7,3.049824194,16
0,3.5,22,21,4,4,2,2,36,0,5,43,1,0,3,7,4.228107975,20
0,4,16,15,5,4,4,2,28,0,3,33,1,0,2,6,2.327914441,23
1,3.5,15,30,4,5,5,2,24,0,5,60,1,0,2,8,1.122243419,26
1,4.2,50,42,4,5,3,2,30,1,5,424,2,1,7,29,3.908955369,17
1,3.8,50,46,4,5,5,2,35,0,6,355,2,1,6,22,3.555523754,20
0,4,20,25,4,4,5,2,35,1,5,95,2,1,2,25,3.307123606,26
1,4.2,53,45,4,5,3,1,28,1,6,308,1,0,2,30,2.325705001,19
1,3.2,38,42,4,4,3,1,57,0,5,229,2,1,6,10,4.487078547,12
1,3.6,46,39,4,4,5,1,50,0,5,50,2,1,6,8,1.086985027,29
1,3.5,9,9,4,4,5,2,25,1,6,193,2,1,6,15,2.519558907,30
0,3.2,20,12,5,4,2,2,37,0,5,80,1,0,6,6,2.049202958,14
0,4.2,6,10,4,4,3,2,40,0,6,244,2,1,2,5,3.680593518,33
1,3.8,16,33,4,4,6,2,,0,6,152,2,1,6,15,3.556742658,33
1,3.5,31,31,5,5,3,2,36,0,6,184,2,1,2,17,3.887653191,19
1,4,45,14,5,4,5,1,27,0,7,200,2,0,2,24,4.277318278,13
1,3.9,30,36,4,4,5,2,66,0,5,382,2,1,6,18,3.86534189,30
1,4.3,31,16,4,4,4,2,38,0,5,449,2,1,6,28,1.472721702,20
0,3.5,60,15,4,2,4,2,26,0,1,50,2,1,6,26,1.467797031,12
0,4,35,15,2,4,5,1,41,0,5,94,2,1,6,23,3.755392525,15
1,3,20,30,5,4,5,1,35,0,5,63,1,0,6,5,1.382357106,25
1,4.7,50,44,5,5,5,1,41,0,8,66,2,1,6,13,2.071960265,23
1,1.6,10,21,3,4,2,2,29,0,6,108,2,1,2,9,1.70062524,34
0,3.9,45,10,4,4,2,2,31,0,8,25,1,0,2,25,4.974498651,17
1,4,54,39,4,4,5,2,47,1,5,311,2,1,6,29,3.379890991,20
0,3.3,15,14,4,1,5,2,56,0,4,47,1,0,6,30,4.147115484,15
1,3.5,35,31,4,4,5,1,32,0,6,335,2,1,6,10,1.32518181,10
0,4,10,11,5,4,2,2,26,0,2,33,1,0,6,17,3.909862645,27
0,3.9,25,20,5,4,5,1,33,0,2,38,2,1,6,17,3.774435027,18
1,3.8,42,37,5,5,5,1,32,0,5,87,2,1,6,20,3.911017151,16
0,2.7,25,35,4,4,4,1,51,0,5,135,2,1,6,21,2.414407815,31
1,4.3,19,14,4,4,3,1,53,0,6,66,2,1,3,19,1.365290305,17
0,4,20,40,5,5,2,2,53,0,5,88,1,0,6,30,3.275401149,27
0,4,30,20,4,4,2,1,28,0,5,140,2,0,7,14,3.589776663,27
1,4.2,12,41,5,5,5,1,39,0,6,350,2,1,1,14,4.687307847,31
0,3,30,20,4,4,5,1,41,0,5,50,2,0,6,25,1.798391288,26
0,1,5,15,1,1,2,1,50,0,5,0,1,0,7,5,2.913402206,28
1,3.4,40,19,5,4,4,2,39,0,5,70,1,0,6,29,4.16304203,30
1,4.3,58,46,5,4,5,1,52,0,5,72,2,0,6,28,3.975998617,16
1,3.7,38,33,4,4,4,1,30,1,5,150,2,1,6,21,2.814056266,17
1,3.5,33,32,4,4,5,1,30,1,5,138,2,1,6,21,2.809601428,16
1,3.2,38,29,4,4,4,2,49,0,5,284,2,1,2,19,1.082592457,17
1,3,25,20,4,4,1,2,19,1,4,75,1,0,3,12,4.816721901,13
1,3.7,40,31,4,4,4,2,33,0,5,296,2,0,1,24,3.961853709,10
0,1.5,20,10,4,4,2,2,42,0,2,21,1,1,6,20,1.008947873,17
1,4,41,15,5,5,4,2,52,0,5,30,2,1,6,17,4.792319487,18
1,4.1,29,29,4,4,5,2,39,0,2,38,2,1,6,11,3.781502163,22
1,5,20,50,5,5,5,2,63,0,8,500,2,1,5,23,1.164710231,14
0,3.5,35,18,4,3,5,2,28,0,3,40,4,1,6,16,1.532450049,10
0,3.9,25,15,4,4,3,2,50,0,3,50,2,1,6,14,1.402851623,27
1,1,60,25,4,4,2,2,39,0,3,11,4,0,6,25,1.02018063,35
0,2.5,12,16,3,4,1,2,54,0,3,4,1,1,3,17,2.230510521,34
0,4,30,15,5,4,5,1,34,0,5,21,1,0,6,20,1.426620814,27
1,3,45,15,4,4,5,1,45,0,5,40,4,0,6,13,3.49024324,24
1,2.5,30,40,5,4,4,2,33,0,5,40,2,1,3,16,2.247781882,31
1,2.8,31,28,3,3,4,2,43,0,5,134,2,1,6,21,2.131478489,16
1,4,52,41,4,5,5,2,28,1,5,392,2,1,6,17,2.620134556,20
1,4.2,15,15,5,4,3,1,46,0,4,199,1,0,6,8,4.709635433,11
0,3.7,20,18,5,5,3,1,27,0,6,91,1,0,6,19,3.826356329,20
1,4.2,51,10,5,5,5,2,29,0,5,451,2,1,6,27,2.213573007,14
0,4,20,15,2,2,4,1,47,0,6,79,2,1,6,21,4.621118179,30
1,2.6,27,20,3,4,4,2,23,1,3,108,1,0,2,10,4.717084555,31
0,3.5,30,25,5,4,2,2,34,0,5,1,2,1,6,23,2.330859223,21
1,4.3,30,37,4,2,3,1,36,0,5,80,2,1,6,6,4.822922442,35
0,3.4,20,15,4,4,5,1,42,0,5,110,2,0,6,29,4.753192316,10
1,3.4,12,12,4,4,2,2,51,0,5,52,4,1,2,10,4.277209164,10
0,3.4,45,41,5,4,5,1,67,0,5,49,2,1,6,15,1.894149206,25
1,4,20,15,4,4,2,2,33,0,4,25,2,1,6,16,3.759667985,10
0,3.5,15,16,4,3,2,2,34,0,5,9,1,0,3,24,2.085659919,35
0,4,10,25,5,4,5,2,55,0,5,20,1,0,6,22,2.439575521,31
0,3.5,25,25,5,5,3,2,70,0,4,124,2,1,6,27,1.347571008,11
0,3.2,46,20,5,4,5,2,34,0,4,72,1,0,6,24,2.79513358,15
0,3.2,30,20,4,4,3,2,35,0,5,60,2,1,6,17,2.868946265,34
0,3.4,20,10,4,2,4,1,48,0,4,26,1,0,2,30,1.287822004,12
0,4.1,35,18,4,4,4,2,36,0,4,136,2,1,6,8,3.472842477,32
0,3.5,20,30,4,4,3,2,32,0,5,60,2,0,6,25,3.292621896,34
0,3.5,25,20,5,4,5,2,27,0,5,20,1,0,6,21,1.840056841,25
0,4.2,20,8,5,5,4,2,49,0,7,150,2,1,6,18,3.786425678,15
1,4,32,31,4,5,3,1,25,0,6,130,2,1,6,28,2.289650989,12
1,3.8,42,33,3,4,3,2,39,0,5,245,2,1,6,26,4.82243734,16
0,3.5,15,12,4,3,2,2,33,0,5,30,1,1,6,7,2.773113288,11
1,5,25,14,4,5,4,2,38,0,4,65,2,1,5,24,4.399967611,19
0,3.3,50,29,5,3,5,2,32,1,5,80,1,0,6,26,1.028403481,15
0,3.8,45,20,5,4,4,2,40,1,5,40,2,1,6,5,1.702978849,35
0,3,25,26,4,4,2,2,27,0,5,446,2,1,6,5,1.970057754,34
0,4,15,20,3,4,5,1,36,0,6,65,1,0,6,22,2.567356098,19
0,3.8,30,25,5,5,5,2,51,0,6,31,1,0,6,20,1.878701094,20
0,3.5,15,25,5,4,3,2,27,0,5,80,1,0,6,8,1.572323533,28
1,3.4,26,32,3,3,5,1,33,0,6,112,1,0,6,21,1.266263357,23
0,5,5,10,1,1,2,1,27,0,5,33,1,0,2,20,3.262842604,20
0,3.9,60,15,5,5,5,2,39,0,5,43,2,1,6,23,2.593395044,18
0,4,20,20,4,4,2,2,22,1,4,3,1,0,3,17,3.673480915,22
0,3.4,30,15,4,2,1,2,62,0,5,26,1,0,2,18,1.544490826,18
0,4.5,20,23,5,4,2,2,21,1,2,0,1,0,3,30,4.146939994,27
0,3.4,15,17,4,4,2,2,26,0,5,52,1,0,7,15,4.009872523,33
1,4.8,56,47,5,5,5,1,56,0,5,465,2,1,6,28,4.378102275,10
1,3.4,31,14,4,2,5,2,34,1,4,130,2,1,3,20,1.079144187,23
1,4,60,50,4,4,4,2,25,1,5,37,1,0,6,21,4.68829397,14
1,1,14,26,4,5,5,2,30,0,3,67,4,0,6,22,2.40079199,24
1,4,30,50,4,4,4,1,37,0,3,135,1,0,6,28,4.304210828,25
0,4,15,20,5,4,4,1,28,1,5,7,1,0,6,19,1.534914889,14
1,4.3,30,27,4,4,2,1,28,0,5,92,2,1,3,11,1.297034715,25
0,2.5,15,18,4,4,6,2,58,0,6,28,4,0,6,6,2.359884334,35
1,1,45,40,4,4,3,2,38,0,3,33,1,0,3,6,2.936878002,20
0,4,15,12,5,5,4,2,21,1,3,17,1,0,6,26,1.850138474,27
1,3.2,25,20,5,4,3,1,38,0,6,60,2,1,2,20,3.419290764,26
1,3,30,10,3,3,2,2,35,0,2,1,1,1,7,20,4.008252182,22
1,4.5,30,25,5,4,3,1,24,1,3,100,1,0,6,18,4.955370612,24
0,3.5,30,18,4,4,1,1,54,0,3,40,1,0,6,24,3.882284796,22
0,4.6,12,28,5,5,5,1,25,0,5,78,1,0,6,22,1.621159366,15
1,4.3,34,34,3,5,5,1,28,0,5,95,2,1,6,25,4.293323042,28
0,2.9,31,21,4,3,2,1,45,1,2,84,2,1,6,9,1.545628672,22
1,2.6,20,32,5,4,4,2,27,0,2,49,2,1,6,28,4.693213129,33
0,4,20,20,5,4,3,2,28,1,2,0,1,0,2,8,3.801112537,27
1,3.5,26,17,3,3,5,2,34,0,5,40,2,1,6,24,1.092616614,27
0,4.5,25,20,5,5,5,2,23,0,5,97,1,0,6,13,1.736997568,23
0,3.4,15,17,5,4,2,2,19,0,2,19,1,0,5,26,1.527409713,15
1,3,25,25,5,4,4,1,31,0,5,80,1,0,2,28,3.42064985,23
0,3.5,25,20,5,4,2,2,43,1,5,27,4,1,6,20,1.551778137,21
1,2.5,55,50,5,5,5,1,31,0,5,500,2,1,6,13,1.312331212,18
0,4.1,21,25,4,5,4,1,58,0,5,500,2,1,2,23,1.445775173,22
1,4.2,20,31,5,4,5,1,54,0,5,406,2,1,2,6,2.441988893,26
0,4,20,50,5,4,5,2,42,0,3,81,1,0,7,10,2.522773384,14
0,3,20,12,5,4,2,2,33,0,5,4,2,1,6,6,2.01157487,16
1,3.5,41,34,3,3,5,1,36,1,6,304,2,1,6,15,4.365030028,13
0,4,20,50,5,5,3,2,33,0,5,61,1,0,3,16,3.467680794,33
1,4.2,41,40,5,5,6,1,45,1,5,346,2,1,5,16,3.50468402,18
0,3.4,20,24,5,4,4,1,29,0,5,85,2,0,6,16,2.831627689,22
1,4.2,31,40,5,5,5,2,25,0,6,65,2,1,6,16,4.512785292,17
0,2.5,25,28,3,3,3,2,30,0,5,184,2,1,2,26,1.868264244,31
1,3,20,22,4,4,2,1,22,0,5,44,2,0,6,10,4.574858665,21
1,4.3,50,45,4,5,5,1,42,0,4,270,2,1,6,11,4.779593146,25
0,4.5,10,25,5,5,5,1,22,0,5,500,1,0,2,25,3.0735684,30
0,3.5,35,21,4,4,4,2,51,0,5,200,2,1,6,30,1.400583664,26
1,3.3,27,22,3,3,5,2,33,1,1,146,1,0,4,25,4.93116054,22
1,4.9,53,27,5,5,4,2,25,0,5,337,2,1,6,7,1.387886,16
1,2.4,33,27,4,4,5,1,41,0,5,228,2,1,6,10,1.619001586,23
0,4,15,30,4,4,5,2,33,0,5,400,2,1,6,20,2.21672851,20
0,4.1,40,24,5,4,5,2,24,0,5,73,1,0,2,23,3.108161775,35
0,3.8,15,35,4,2,2,1,27,0,5,100,2,0,2,27,2.934338177,25
1,2.7,33,14,4,5,4,1,29,0,5,353,2,1,6,14,2.745296938,33
1,3.1,42,39,4,4,5,1,38,0,6,423,2,1,6,10,4.477154684,31
0,4,15,10,4,5,5,1,50,0,5,28,2,1,2,11,1.296148669,13
1,2,30,20,4,4,4,1,29,0,5,202,2,1,6,28,2.457888695,10
1,2,30,30,4,4,4,1,29,0,5,202,2,1,6,9,2.103365012,22
1,4.6,15,48,5,4,4,1,29,0,5,62,2,1,6,30,4.3399936,17
0,1.8,10,14,3,4,3,1,27,0,6,32,1,0,6,17,3.055716541,24
1,4.6,15,45,4,5,4,1,29,0,5,65,2,1,6,16,4.327257757,34
0,4.4,40,22,5,4,2,2,25,0,6,29,2,0,2,28,1.169584796,21
0,4.2,15,12,4,3,3,1,35,0,2,29,2,1,6,16,2.148307587,34
1,4.3,44,32,4,4,5,2,35,0,6,392,2,1,2,18,2.087013448,15
1,3,46,25,5,4,4,2,34,0,2,48,2,1,6,12,3.242055492,12
1,3.5,30,35,4,4,5,2,33,0,4,70,2,0,6,7,3.755881615,20
0,3.5,15,12,4,4,2,1,26,0,2,125,1,0,6,16,2.635718721,11
0,3.5,25,10,5,3,2,1,39,0,3,20,4,1,6,18,1.751089177,10
0,3.5,20,10,4,4,3,2,63,0,2,35,2,1,6,22,3.830238305,13
1,3.7,36,32,4,5,5,1,32,0,6,323,2,1,2,25,2.356353754,14
1,3.8,43,34,3,3,5,2,57,0,5,268,2,1,6,6,3.051145806,21
0,4.3,25,8,5,5,5,2,33,0,2,135,2,1,2,8,1.383128827,29
0,3.7,19,25,3,3,5,1,36,0,5,58,2,1,6,21,1.157559717,21
1,4.3,48,27,4,4,2,1,45,0,5,491,2,1,6,12,3.878261911,30
1,3.7,47,35,4,3,2,2,36,0,5,215,2,0,6,8,4.449164894,26
0,3.3,25,9,4,4,5,2,27,0,6,50,2,1,6,7,2.651596888,33
1,3.2,33,28,3,3,5,2,36,0,5,261,2,1,6,5,2.13236054,32
1,3,15,17,3,4,5,2,53,0,5,17,2,1,6,28,2.565099706,13
1,3.5,42,27,5,4,2,1,47,1,5,345,2,1,6,12,1.353309794,15
1,3.4,48,45,4,4,2,2,46,0,5,500,2,1,6,6,2.783655848,20
1,3.8,40,15,4,4,2,1,22,0,6,500,1,0,6,11,1.186709484,17
1,4.2,51,50,5,5,6,1,69,0,5,301,2,1,6,19,4.047067838,26
1,3.8,21,43,4,4,3,2,29,0,5,499,2,0,6,30,1.145334189,31
1,3.6,36,30,5,4,4,2,25,0,5,30,2,0,6,19,1.785673012,13
0,3.4,25,20,5,5,5,2,40,0,3,65,2,1,6,24,1.160587125,34
1,4.3,19,36,4,5,6,2,35,0,2,151,1,0,2,10,1.955293819,22
0,4,15,20,5,4,2,1,21,1,5,2,1,0,2,23,3.979577979,24
0,3.7,15,14,4,4,2,1,67,0,5,43,1,0,6,21,4.106266512,17
0,4.2,15,19,5,4,4,2,47,0,3,41,4,1,6,27,2.3459994,22
0,4,35,15,4,4,4,2,49,0,3,71,2,1,6,8,3.598805423,10
1,2,22,18,5,4,4,1,23,0,3,33,1,0,6,20,2.973167743,13
0,4.4,35,41,5,4,4,2,62,0,3,49,2,1,6,12,3.674706518,14
1,3.4,30,36,4,3,5,1,27,1,5,226,1,0,6,6,1.264427897,26
1,2.7,24,26,2,3,4,1,24,1,6,184,1,1,3,12,2.322254007,31
0,2.5,20,30,5,5,3,2,41,0,5,24,2,1,5,29,1.657733477,22
0,3.8,20,20,5,5,3,1,37,0,5,46,2,1,2,16,2.525028994,18
0,3.5,15,15,4,4,3,1,32,0,3,20,1,1,6,17,1.603627591,32
1,3.7,33,22,4,4,5,1,34,1,5,155,2,1,2,11,4.238571956,31
0,3,30,20,5,4,4,2,33,0,3,107,2,0,6,5,3.569009174,29
1,4.3,20,22,5,5,5,1,35,0,5,500,2,0,6,14,4.844163749,28
1,4,31,23,5,5,5,2,30,0,5,73,2,1,6,12,4.35711578,32
1,3.4,41,34,4,4,6,1,20,1,5,205,1,0,6,21,4.886953693,19
1,4.4,46,26,5,5,5,1,39,0,6,250,2,1,6,12,4.223946606,13
1,3,24,18,5,4,6,1,58,1,5,51,2,1,5,11,2.859580202,10
1,4.4,58,46,4,4,5,2,25,0,5,433,2,1,6,13,1.581733719,28
1,3.2,46,33,4,4,5,1,47,0,6,302,2,1,6,23,2.187354571,22
1,3.4,31,27,4,4,4,2,25,1,4,202,2,1,6,27,1.207630985,27
1,3.4,50,41,4,5,5,2,53,0,5,409,3,1,6,10,1.619933384,32
1,4,52,17,4,4,4,1,30,0,5,114,2,0,6,7,3.174547742,23
1,4.5,15,39,4,5,5,2,25,0,5,298,2,1,1,14,4.093493084,27
0,2.4,25,20,4,4,5,1,44,0,4,71,4,1,6,26,1.012692072,13
1,3.7,37,26,4,4,5,2,25,1,3,244,2,1,3,13,1.20799121,28
0,3.5,30,15,5,5,4,2,31,0,3,35,1,0,6,29,2.808752298,16
1,4.7,15,16,4,4,2,2,31,0,7,210,2,1,2,15,4.996982639,24
1,3.9,47,34,5,5,6,1,52,1,5,243,2,1,6,7,3.709812713,32
0,3.1,26,26,5,5,3,1,36,0,5,261,2,1,2,19,3.116349315,33
0,3,30,23,5,5,3,1,36,0,5,158,2,1,2,22,3.487521933,19
1,3.6,45,36,3,3,5,2,25,0,5,343,2,0,6,8,3.132829704,33
0,4.2,60,19,5,5,4,2,29,0,2,49,2,1,6,22,2.564773708,32
1,2.7,14,10,3,4,5,2,39,0,5,49,2,1,6,28,2.728326769,15
1,4,30,40,5,4,4,2,63,0,3,25,2,1,6,26,4.231073661,25
1,3.7,39,31,4,3,3,2,25,0,6,500,1,0,6,23,2.132365653,20
1,3.8,44,34,5,5,3,1,29,0,5,346,2,1,6,19,1.907433966,13
0,4.2,19,15,5,4,5,1,30,0,3,25,2,1,6,19,3.646831637,19
1,3.2,23,20,4,4,6,1,33,0,5,92,2,1,6,10,1.310316039,29
1,3.4,23,15,5,5,5,1,50,0,5,134,1,0,1,30,4.615801604,33
0,4,40,31,4,4,3,1,23,0,6,103,1,1,2,25,4.036226585,24
0,2.2,14,12,4,3,4,1,49,0,5,70,2,1,6,23,2.851404909,33
0,4,40,20,5,4,2,2,32,1,5,30,2,1,6,27,3.468849475,29
1,2.6,25,30,5,4,3,1,38,0,2,21,2,1,7,18,4.654389,22
0,4,15,25,5,5,4,2,28,1,6,100,2,0,5,28,1.866016645,28
0,4,25,30,5,4,4,2,43,0,7,68,1,0,6,12,2.304405779,33
1,3.5,38,32,4,4,5,2,52,0,5,300,2,1,6,28,3.287454181,28
0,4.3,16,23,2,2,4,2,50,0,5,500,2,1,5,9,2.587900796,33
1,3.2,34,32,2,3,4,1,47,0,2,207,2,1,2,20,3.976061293,12
1,3.8,25,18,5,4,5,2,41,0,6,196,2,1,6,25,3.384783364,18
1,4.3,40,45,5,5,5,2,28,1,5,417,1,0,6,10,1.17031916,22
1,4.3,46,36,4,5,6,1,25,1,5,489,1,0,6,30,1.186401082,33
1,4.5,60,19,5,5,6,2,46,0,6,183,2,1,2,26,2.566656406,27
1,4.7,51,38,4,5,5,2,33,1,7,454,2,1,2,10,1.681464541,20
1,1.8,16,26,4,4,5,1,25,0,5,149,2,0,6,14,4.966993363,20
1,3.6,33,35,3,4,4,1,43,1,5,57,2,1,6,23,2.945414831,31
1,3.5,20,29,4,4,4,2,64,0,5,434,5,1,6,16,3.182229463,15
1,3.2,28,24,4,4,5,2,32,1,2,129,2,1,2,10,1.033399601,28
1,5,33,42,4,4,2,2,24,0,5,100,2,0,2,28,3.276895361,23
1,3.4,10,22,5,5,5,1,34,0,5,500,2,1,3,15,4.556411364,20
0,4,20,15,5,5,5,2,21,1,5,60,2,1,6,28,2.611758214,16
1,2.8,18,15,3,3,6,1,51,0,6,355,2,0,6,16,2.762917322,34
1,2.2,40,27,5,5,4,1,61,0,7,430,2,1,6,29,2.911054396,14
1,3,35,40,5,5,5,1,30,0,7,405,2,1,2,30,3.659317108,33
0,4,33,25,4,4,5,1,35,0,5,35,5,0,6,12,3.778843895,18
0,4,41,31,4,4,4,1,32,0,6,51,1,0,2,13,3.6148444,27
1,2.3,13,20,3,3,6,1,59,0,6,198,2,0,6,5,1.640331824,10
1,2.7,20,13,3,3,5,1,37,0,6,294,2,0,6,13,2.989898229,24
1,2.1,27,21,3,3,6,1,67,0,6,310,2,0,6,22,1.999347666,14
1,1.9,20,14,3,3,6,2,44,0,6,251,2,0,6,6,1.938199626,13
0,4,20,50,5,4,4,1,55,0,5,104,2,1,6,16,2.317380317,34
1,4.2,55,46,5,4,6,1,37,1,6,491,2,1,6,20,4.666621168,22
0,3.3,14,36,4,3,3,2,38,0,6,495,2,1,6,6,1.010303801,32
0,4.1,30,40,5,4,4,2,60,0,5,149,2,1,6,15,2.625358217,19
1,3,40,25,4,4,4,1,37,0,4,70,2,1,5,12,3.902117052,16
1,4.3,27,17,3,3,3,2,25,0,6,500,2,1,6,18,2.046319593,22
1,3.8,30,30,4,4,4,2,45,0,2,458,2,1,6,15,1.544730357,33
0,3.7,20,20,4,4,2,2,30,0,3,70,1,0,6,28,2.18732076,34
1,3.1,20,10,4,4,4,2,38,0,5,291,2,1,1,22,2.690623586,20
0,4.2,20,28,4,5,3,2,32,0,5,500,2,1,2,26,1.534335085,10
1,4.4,54,45,4,5,5,1,50,0,6,497,2,1,6,19,3.823528375,20
0,4.2,39,31,5,4,2,2,72,0,4,79,2,0,6,7,1.125275724,25
1,3.5,37,37,4,3,3,2,25,0,5,296,2,0,6,16,3.926813404,28
1,4.1,49,38,5,5,5,1,49,1,5,312,2,1,6,9,4.080935818,28
0,3.7,45,26,5,5,5,1,45,0,3,24,2,1,6,19,2.337573245,11
0,4,30,20,5,4,5,2,38,0,5,177,2,1,6,24,2.718075737,25
1,3,35,31,5,5,3,2,30,0,3,252,2,1,6,26,3.881184702,35
0,4,40,25,5,5,2,2,33,1,3,27,1,0,6,11,2.296251311,19
0,2.5,60,25,4,5,3,1,30,0,3,11,2,0,6,11,1.461557715,18
0,3.5,20,12,4,4,5,1,28,0,4,30,1,0,5,15,1.073909695,15
0,3.4,15,12,5,5,5,2,50,0,2,32,1,0,6,8,2.144245851,33
0,3.5,15,30,4,3,5,1,40,0,5,300,2,1,6,16,2.76995548,18
1,3.4,34,34,4,4,5,1,48,0,5,334,2,1,6,18,2.426986114,22
1,4.6,40,34,5,5,3,1,37,0,5,457,2,1,6,27,2.045261424,25
1,3.8,48,33,5,5,5,2,25,1,6,206,1,0,1,23,1.860925671,27
0,3.5,30,20,4,4,3,2,33,0,6,100,2,1,6,15,1.280880691,19
0,3.4,20,50,5,4,5,1,44,0,5,90,1,0,6,28,1.489135854,18
1,3.4,30,34,4,5,5,2,35,0,5,307,2,1,6,25,2.124562848,31
0,2.5,30,21,5,4,5,2,56,0,5,213,2,1,6,14,2.580172439,32
1,3.2,20,15,5,4,3,2,38,1,3,30,2,1,6,24,4.300760615,13
1,3.6,20,24,4,4,2,1,60,0,3,40,1,0,6,30,3.729803937,15
1,4.7,40,30,5,5,3,1,22,0,4,33,1,0,6,22,4.696117876,21
0,4,35,30,5,4,5,2,52,0,4,54,2,1,5,17,2.430138429,25
0,3.5,30,16,5,5,2,2,58,0,5,150,2,1,3,11,3.148794154,25
0,3.4,45,20,5,5,4,2,33,0,4,134,2,1,6,10,1.847737142,13
1,3.5,41,34,3,3,4,1,30,0,3,3,2,0,6,18,3.3697534,34
0,3.5,15,20,4,4,2,1,57,0,5,40,2,1,6,22,4.271760967,27
0,2.5,34,28,4,4,5,2,33,0,7,75,2,1,6,28,2.35603672,23
0,3.5,35,20,5,4,4,1,55,0,6,95,2,1,6,8,1.643575148,26
1,4.4,30,23,4,3,5,1,55,0,6,499,2,1,6,25,2.387226938,15
1,4,55,40,3,4,3,1,52,0,5,100,2,1,6,19,1.044874429,35
1,3,46,50,5,5,5,1,33,0,5,88,2,1,5,17,3.415067691,13
0,3.4,40,27,4,4,5,2,19,1,3,3,1,0,5,20,1.419384207,22
1,3.8,34,33,5,5,5,1,25,0,5,500,1,0,6,5,2.140321975,21
0,3.2,20,24,5,5,3,2,24,0,2,61,2,1,6,6,1.568392214,21
0,3.5,25,25,5,4,2,2,33,0,3,75,1,1,6,10,1.696517912,14
1,4.4,22,31,5,4,2,2,26,1,3,194,1,0,3,14,4.647435065,34
0,4.2,20,50,4,4,3,2,38,0,6,147,2,1,2,24,3.503909171,26
1,5,20,26,5,5,6,1,45,1,6,200,2,1,6,5,2.728561733,23
0,4.2,30,35,4,5,4,2,41,0,3,24,1,0,6,15,3.791170736,22
0,3,20,13,4,4,3,1,48,0,6,127,2,1,6,6,3.189894542,27
0,3,20,41,5,4,5,1,31,0,3,45,1,0,6,20,1.022009075,33
1,3.4,30,29,4,4,3,1,63,0,4,146,2,0,2,28,2.173015712,25
1,3.7,46,36,4,5,5,1,60,0,5,461,2,1,6,28,4.530646736,12
1,3.5,20,20,4,4,5,1,29,0,5,250,2,0,2,14,4.917374665,13
0,3.9,20,18,5,4,4,2,38,0,5,15,4,1,5,6,1.120477134,18
